entity,job_number,customer,contractor,start_date,end_date,status,actual_gross_margin_percent_to_date,percent_complete,actual_costs_to_date,revenue_to_date,months_since_start,report_date,poor_perf_flag,cost_to_complete,prediction
ColonialWebb,24908,Dla Aviation Ops Ph Ii Dscr,Manhattan Construction,2021-03-15,2023-09-17,Open,0.0875,0.5715,7142800.0,7827431.0,19.0,2022-10-31,0,5356621.0,1.5158143897121951E7
ColonialWebb,24908,Dla Aviation Ops Ph Ii Dscr,Manhattan Construction,2021-03-15,2023-09-17,Open,0.0855,0.6175,7754493.0,8479239.0,20.0,2022-11-30,0,4804006.0,6708535.946501472
ColonialWebb,24908,Dla Aviation Ops Ph Ii Dscr,Manhattan Construction,2021-03-15,2023-09-17,Open,0.081,0.6762,8536854.0,9289731.0,21.0,2022-12-31,0,4087245.0,9671719.227292048
ColonialWebb,24908,Dla Aviation Ops Ph Ii Dscr,Manhattan Construction,2021-03-15,2023-09-17,Open,0.0733,0.7195,9158746.0,9883456.0,22.0,2023-01-31,0,3571386.0,9612208.839931002
ColonialWebb,24908,Dla Aviation Ops Ph Ii Dscr,Manhattan Construction,2021-03-15,2023-09-17,Open,0.0679,0.7541,9658744.0,1.0361957E7,23.0,2023-02-28,0,3149364.0,9436482.969264794
ColonialWebb,24908,Dla Aviation Ops Ph Ii Dscr,Manhattan Construction,2021-03-15,2023-09-17,Open,0.0679,0.7808,1.0000449E7,1.0728541E7,24.0,2023-03-31,0,2807659.0,1008933.7570447632
ColonialWebb,24908,Dla Aviation Ops Ph Ii Dscr,Manhattan Construction,2021-03-15,2023-09-17,Open,0.0679,0.8009,1.0257543E7,1.1004381E7,25.0,2023-04-30,0,2550087.0,1238598.2739037178
ColonialWebb,24908,Dla Aviation Ops Ph Ii Dscr,Manhattan Construction,2021-03-15,2023-09-17,Open,0.067,0.816,1.0458053E7,1.120878E7,26.0,2023-05-31,0,2357724.0,1238598.2739037178
ColonialWebb,24908,Dla Aviation Ops Ph Ii Dscr,Manhattan Construction,2021-03-15,2023-09-17,Open,0.0646,0.8488,1.0905935E7,1.1658634E7,27.0,2023-06-30,0,1943016.0,1271847.2000340254
ColonialWebb,24908,Dla Aviation Ops Ph Ii Dscr,Manhattan Construction,2021-03-15,2023-09-17,Open,0.0426,0.8614,1.1327228E7,1.1831831E7,28.0,2023-07-31,0,1822723.0,1112896.5182498782
ColonialWebb,24908,Dla Aviation Ops Ph Ii Dscr,Manhattan Construction,2021-03-15,2023-09-17,Open,0.0426,0.8744,1.1499633E7,1.2011097E7,29.0,2023-08-31,0,1651215.0,1281038.8098011536
ColonialWebb,24908,Dla Aviation Ops Ph Ii Dscr,Manhattan Construction,2021-03-15,2023-09-17,Open,0.0426,0.8908,1.1714136E7,1.223514E7,30.0,2023-09-30,0,1436712.0,965277.602865986
ColonialWebb,24908,Dla Aviation Ops Ph Ii Dscr,Manhattan Construction,2021-03-15,2023-09-17,Open,0.0401,0.9034,1.1915088E7,1.2413438E7,32.0,2023-10-31,0,1273567.0,1191698.693974363
ColonialWebb,24908,Dla Aviation Ops Ph Ii Dscr,Manhattan Construction,2021-03-15,2023-09-17,Open,0.0405,0.9173,1.1975012E7,1.2481037E7,33.0,2023-11-30,0,1078921.0,688725.6209734338
ColonialWebb,24908,Dla Aviation Ops Ph Ii Dscr,Manhattan Construction,2021-03-15,2023-09-17,Open,0.0213,0.9033,1.2045097E7,1.2307002E7,34.0,2023-12-31,0,1289020.0,456735.40349817224
ColonialWebb,24908,Dla Aviation Ops Ph Ii Dscr,Manhattan Construction,2021-03-15,2023-09-17,Open,0.0213,0.9115,1.2153426E7,1.2417686E7,35.0,2024-01-31,0,1180691.0,1027758.0958224004
ColonialWebb,24908,Dla Aviation Ops Ph Ii Dscr,Manhattan Construction,2021-03-15,2023-09-17,Open,0.0213,0.9189,1.2252576E7,1.2518992E7,36.0,2024-02-29,0,1081541.0,156429.91026285713
ColonialWebb,24908,Dla Aviation Ops Ph Ii Dscr,Manhattan Construction,2021-03-15,2023-09-17,Open,0.0213,0.9357,1.2476175E7,1.2747453E7,37.0,2024-03-31,0,857942.0,848047.5157961014
ColonialWebb,24908,Dla Aviation Ops Ph Ii Dscr,Manhattan Construction,2021-03-15,2023-09-17,Open,0.0199,0.9367,1.2508245E7,1.2761885E7,38.0,2024-04-30,0,845030.0,50988.24069350492
ColonialWebb,24908,Dla Aviation Ops Ph Ii Dscr,Manhattan Construction,2021-03-15,2023-09-17,Open,0.0199,0.9401,1.2553327E7,1.2807881E7,39.0,2024-05-31,0,799948.0,156429.91026285713
ColonialWebb,24908,Dla Aviation Ops Ph Ii Dscr,Manhattan Construction,2021-03-15,2023-09-17,Open,0.0148,0.9387,1.2610391E7,1.2800464E7,40.0,2024-06-30,0,824133.0,50988.24069350492
ColonialWebb,24908,Dla Aviation Ops Ph Ii Dscr,Manhattan Construction,2021-03-15,2023-09-17,Open,0.0149,0.9431,1.267145E7,1.286255E7,41.0,2024-07-31,0,765087.0,71045.60498662114
ColonialWebb,24908,Dla Aviation Ops Ph Ii Dscr,Manhattan Construction,2021-03-15,2023-09-17,Open,0.0117,0.9465,1.2758514E7,1.2909586E7,42.0,2024-08-31,0,721051.0,-34396.064582731095
ColonialWebb,24908,Dla Aviation Ops Ph Ii Dscr,Manhattan Construction,2021-03-15,2023-09-17,Open,0.0103,0.9475,1.2790867E7,1.2923777E7,43.0,2024-09-30,0,708041.0,497899.64612784557
TAS,PRJ000565,"Environmental Air Systems, Llc",Amgen Flexgen,2021-11-30,2023-05-31,Open,0.0524,0.6737,1.6160096E7,1.7053766E7,14.0,2023-01-31,0,7827697.0,1.6352854606968466E7
TAS,PRJ000565,"Environmental Air Systems, Llc",Amgen Flexgen,2021-11-30,2023-05-31,Open,0.0524,0.7041,1.8737289E7,1.9773505E7,15.0,2023-02-28,0,7873681.0,9512246.606968466
TAS,PRJ000565,"Environmental Air Systems, Llc",Amgen Flexgen,2021-11-30,2023-05-31,Open,0.0556,0.7728,2.106588E7,2.2305514E7,16.0,2023-03-31,0,6194339.0,8497794.898533087
TAS,PRJ000565,"Environmental Air Systems, Llc",Amgen Flexgen,2021-11-30,2023-05-31,Open,0.0247,0.835,2.4533639E7,2.5155001E7,17.0,2023-04-30,0,4848247.0,5304370.729783948
TAS,PRJ000565,"Environmental Air Systems, Llc",Amgen Flexgen,2021-11-30,2023-05-31,Open,-0.0146,0.8142,2.5496602E7,2.5128755E7,18.0,2023-05-31,0,5819284.0,5485297.725387914
TAS,PRJ000565,"Environmental Air Systems, Llc",Amgen Flexgen,2021-11-30,2023-05-31,Open,-0.0405,0.8971,2.8887412E7,2.7763955E7,19.0,2023-06-30,0,3312926.0,7308879.7908335505
TAS,PRJ000565,"Environmental Air Systems, Llc",Amgen Flexgen,2021-11-30,2023-05-31,Open,-0.0844,0.878,2.9465572E7,2.7172004E7,20.0,2023-07-31,0,4094766.0,7661214.433911995
TAS,PRJ000565,"Environmental Air Systems, Llc",Amgen Flexgen,2021-11-30,2023-10-31,Open,-0.1038,0.9588,3.2754306E7,2.9674224E7,21.0,2023-08-31,0,1406032.0,1527044.026520273
TAS,PRJ000565,"Environmental Air Systems, Llc",Amgen Flexgen,2021-11-30,2023-10-31,Open,-0.15,0.9472,3.3711856E7,2.9314553E7,22.0,2023-09-30,1,1878515.0,1462155.0347959946
TAS,PRJ000565,"Environmental Air Systems, Llc",Amgen Flexgen,2021-11-30,2023-10-31,Open,-0.1613,0.9445,3.3946327E7,2.9230979E7,23.0,2023-10-31,1,1994044.0,945657.1076704887
TAS,PRJ000565,"Environmental Air Systems, Llc",Amgen Flexgen,2021-11-30,2023-10-31,Open,-0.1693,0.9466,3.425401E7,2.9294111E7,24.0,2023-11-30,1,1933960.0,1147048.3253520716
TAS,PRJ000565,"Environmental Air Systems, Llc",Amgen Flexgen,2021-11-30,2024-06-30,Open,-0.1757,0.9482,3.43143E7,2.9187423E7,25.0,2023-12-31,1,1873670.0,996865.3345828408
TAS,PRJ000565,"Environmental Air Systems, Llc",Amgen Flexgen,2021-11-30,2024-06-30,Open,-0.1958,0.9762,3.5930058E7,3.004708E7,26.0,2024-01-31,1,877793.0,572904.8589050131
TAS,PRJ000565,"Environmental Air Systems, Llc",Amgen Flexgen,2021-11-30,2024-06-30,Open,-0.1958,0.974,3.5851583E7,2.9981455E7,27.0,2024-02-29,1,956268.0,23409.175754325264
TAS,PRJ000565,"Environmental Air Systems, Llc",Amgen Flexgen,2021-11-30,2024-06-30,Open,-0.2055,0.9867,3.6614094E7,3.0371575E7,28.0,2024-03-31,1,493757.0,-243478.44667108444
TAS,PRJ000565,"Environmental Air Systems, Llc",Amgen Flexgen,2021-11-30,2024-06-30,Open,-0.2147,0.9823,3.6725199E7,3.0234784E7,29.0,2024-04-30,1,663652.0,124970.39926666861
TAS,PRJ000565,"Environmental Air Systems, Llc",Amgen Flexgen,2021-11-30,2024-06-30,Open,-0.226,0.9837,3.7121897E7,3.0277939E7,30.0,2024-05-31,1,616954.0,501122.40594740043
TAS,PRJ000565,"Environmental Air Systems, Llc",Amgen Flexgen,2021-11-30,2024-06-30,Open,-0.226,0.9718,3.6674993E7,2.9913429E7,31.0,2024-06-30,1,1063858.0,-637622.438856922
TAS,PRJ000565,"Environmental Air Systems, Llc",Amgen Flexgen,2021-11-30,2024-12-31,Open,-0.226,0.9723,3.6693372E7,2.9928419E7,32.0,2024-07-31,1,1045479.0,-187763.46707908052
TAS,PRJ000565,"Environmental Air Systems, Llc",Amgen Flexgen,2021-11-30,2024-12-31,Open,-0.226,0.9723,3.6693636E7,2.9928634E7,33.0,2024-08-31,1,1045215.0,75149.97591018156
Ivey,8592,Next Medwest Rpl Hos,Brasfield And Gorrie,2021-12-01,2024-04-01,Open,0.0889,0.5334,2.4330544E7,2.6704136E7,13.0,2022-12-31,0,2.1284232E7,8071001.044455901
Ivey,8592,Next Medwest Rpl Hos,Brasfield And Gorrie,2021-12-01,2024-04-01,Open,0.0881,0.5987,2.7580545E7,3.0244742E7,14.0,2023-01-31,0,1.8487125E7,1.1341255254982214E7
Ivey,8592,Next Medwest Rpl Hos,Brasfield And Gorrie,2021-12-01,2024-04-01,Open,0.0879,0.6824,3.1493454E7,3.4530273E7,15.0,2023-02-28,0,1.4655431E7,1.1341255254982214E7
Ivey,8592,Next Medwest Rpl Hos,Brasfield And Gorrie,2021-12-01,2024-04-01,Open,0.0859,0.7893,3.6524276E7,3.9957837E7,16.0,2023-03-31,0,9748563.0,1.1341255254982214E7
Ivey,8592,Next Medwest Rpl Hos,Brasfield And Gorrie,2021-12-01,2024-04-01,Open,0.079,0.8673,4.043821E7,4.3907603E7,17.0,2023-04-30,0,6184629.0,7950759.424221459
Ivey,8592,Next Medwest Rpl Hos,Brasfield And Gorrie,2021-12-01,2024-04-01,Open,0.0591,0.9032,4.3113615E7,4.5823325E7,18.0,2023-05-31,0,4618746.0,7950759.424221459
Ivey,8592,Next Medwest Rpl Hos,Brasfield And Gorrie,2021-12-01,2024-04-01,Open,0.0432,0.9237,4.5051769E7,4.7083842E7,19.0,2023-06-30,0,3722959.0,1.178096787448871E7
Ivey,8592,Next Medwest Rpl Hos,Brasfield And Gorrie,2021-12-01,2024-04-01,Open,0.0411,0.9536,4.6735146E7,4.8737794E7,20.0,2023-07-31,0,2271856.0,6656742.126151709
Ivey,8592,Next Medwest Rpl Hos,Brasfield And Gorrie,2021-12-01,2024-04-01,Open,0.0322,0.9637,4.7772599E7,4.9362675E7,21.0,2023-08-31,0,1800302.0,4158992.119187305
Ivey,8592,Next Medwest Rpl Hos,Brasfield And Gorrie,2021-12-01,2024-04-01,Open,0.0322,0.979,4.8531018E7,5.0146339E7,22.0,2023-09-30,0,1041883.0,3660331.619775138
Ivey,8592,Next Medwest Rpl Hos,Brasfield And Gorrie,2021-12-01,2024-04-01,Open,0.0264,0.9837,4.9061508E7,5.0389545E7,23.0,2023-10-31,0,811393.0,3660331.619775138
Ivey,8592,Next Medwest Rpl Hos,Brasfield And Gorrie,2021-12-01,2024-04-01,Open,0.0195,0.9807,4.9372954E7,5.0353701E7,24.0,2023-11-30,0,969170.0,3660331.619775138
Ivey,8592,Next Medwest Rpl Hos,Brasfield And Gorrie,2021-12-01,2024-04-01,Open,0.0146,0.9861,4.9885165E7,5.062477E7,25.0,2023-12-31,0,701287.0,3273941.4773347457
Ivey,8592,Next Medwest Rpl Hos,Brasfield And Gorrie,2021-12-01,2024-04-01,Open,0.0136,0.9911,5.0265971E7,5.095977E7,26.0,2024-01-31,0,449308.0,2469537.4619675507
Ivey,8592,Next Medwest Rpl Hos,Brasfield And Gorrie,2021-12-01,2024-04-01,Open,0.0107,0.9962,5.0673689E7,5.1221618E7,27.0,2024-02-29,0,191590.0,2453098.554495247
Ivey,8592,Next Medwest Rpl Hos,Brasfield And Gorrie,2021-12-01,2024-04-01,Open,0.0066,1.0,5.1088981E7,5.1430444E7,28.0,2024-03-31,0,0.0,2453098.554495247
Ivey,8592,Next Medwest Rpl Hos,Brasfield And Gorrie,2021-12-01,2024-04-01,Open,-9.0E-4,1.0,5.1475004E7,5.1430444E7,29.0,2024-04-30,0,0.0,2453098.554495247
Ivey,8592,Next Medwest Rpl Hos,Brasfield And Gorrie,2021-12-01,2024-04-01,Open,-0.0069,1.0,5.178376E7,5.1430444E7,30.0,2024-05-31,0,0.0,2364452.0059509734
Ivey,8592,Next Medwest Rpl Hos,Brasfield And Gorrie,2021-12-01,2024-04-01,Open,-0.0068,1.0,5.2095414E7,5.1742098E7,31.0,2024-06-30,0,548.0,2426932.4989073877
Ivey,8592,Next Medwest Rpl Hos,Brasfield And Gorrie,2021-12-01,2024-04-01,Open,-0.0092,0.9995,5.2188313E7,5.1713313E7,32.0,2024-07-31,0,25653.0,2409493.3740550787
Ivey,8592,Next Medwest Rpl Hos,Brasfield And Gorrie,2021-12-01,2024-04-01,Open,-0.01,1.0,5.225627E7,5.1738966E7,33.0,2024-08-31,0,0.0,2409493.3740550787
TEC,21-A1-0150,Bae - Waarp Tank Farm,Bae - Waarp Tank Farm,2021-09-01,2023-04-25,Open,0.0931,0.5058,2.2596562E7,2.4915145E7,13.0,2022-09-30,0,2.2074245E7,8403550.171414053
TEC,21-A1-0150,Bae - Waarp Tank Farm,Bae - Waarp Tank Farm,2021-09-01,2023-04-25,Open,0.0852,0.5503,2.4794993E7,2.7102832E7,14.0,2022-10-31,0,2.0265316E7,1.0886822689004634E7
TEC,21-A1-0150,Bae - Waarp Tank Farm,Bae - Waarp Tank Farm,2021-09-01,2023-04-25,Open,0.0726,0.5689,2.5988044E7,2.80221E7,15.0,2022-11-30,0,1.9691079E7,1.1131392352341663E7
TEC,21-A1-0150,Bae - Waarp Tank Farm,Bae - Waarp Tank Farm,2021-09-01,2023-06-01,Open,0.0734,0.5938,2.710131E7,2.9247976E7,16.0,2022-12-31,0,1.8538026E7,1.1117006231904821E7
TEC,21-A1-0150,Bae - Waarp Tank Farm,Bae - Waarp Tank Farm,2021-09-01,2023-06-01,Open,0.0713,0.6339,2.8998261E7,3.1223319E7,17.0,2023-01-31,0,1.6746118E7,8519964.241230553
TEC,21-A1-0150,Bae - Waarp Tank Farm,Bae - Waarp Tank Farm,2021-09-01,2023-06-01,Open,0.0708,0.6708,3.0698414E7,3.3039014E7,18.0,2023-02-28,0,1.5066611E7,8723731.65623422
TEC,21-A1-0150,Bae - Waarp Tank Farm,Bae - Waarp Tank Farm,2021-09-01,2023-06-01,Open,0.0418,0.7178,3.3875386E7,3.5353342E7,19.0,2023-03-31,0,1.3319901E7,8723731.65623422
TEC,21-A1-0150,Bae - Waarp Tank Farm,Bae - Waarp Tank Farm,2021-09-01,2023-06-01,Open,0.0437,0.7627,3.5989592E7,3.7632452E7,20.0,2023-04-30,0,1.1199719E7,8247802.482580539
TEC,21-A1-0150,Bae - Waarp Tank Farm,Bae - Waarp Tank Farm,2021-09-01,2023-10-30,Open,-9.0E-4,0.7696,3.8008796E7,3.7976371E7,21.0,2023-05-31,0,1.1376752E7,8502885.199393122
TEC,21-A1-0150,Bae - Waarp Tank Farm,Bae - Waarp Tank Farm,2021-09-01,2023-11-30,Open,-0.0182,0.7962,4.0245159E7,3.9524268E7,22.0,2023-06-30,0,1.0304073E7,8706652.614396788
TEC,21-A1-0150,Bae - Waarp Tank Farm,Bae - Waarp Tank Farm,2021-09-01,2024-01-30,Open,-0.0466,0.8008,4.1609305E7,3.9755468E7,23.0,2023-07-31,0,1.0349402E7,8519964.241230553
TEC,21-A1-0150,Bae - Waarp Tank Farm,Bae - Waarp Tank Farm,2021-09-01,2024-01-30,Open,-0.0648,0.8296,4.3851652E7,4.1184377E7,24.0,2023-08-31,0,9007258.0,8723731.65623422
TEC,21-A1-0150,Bae - Waarp Tank Farm,Bae - Waarp Tank Farm,2021-09-01,2024-03-30,Open,-0.0903,0.8371,4.538145E7,4.1622536E7,25.0,2023-09-30,0,8829237.0,8519964.241230553
TEC,21-A1-0150,Bae - Waarp Tank Farm,Bae - Waarp Tank Farm,2021-09-01,2024-06-30,Open,-0.156,0.8153,4.6859545E7,4.0537398E7,26.0,2023-10-31,1,1.061523E7,8519964.241230553
TEC,21-A1-0150,Bae - Waarp Tank Farm,Bae - Waarp Tank Farm,2021-09-01,2024-06-30,Open,-0.1592,0.8443,4.852615E7,4.1860286E7,27.0,2023-11-30,1,8948624.0,8519964.241230553
TEC,21-A1-0150,Bae - Waarp Tank Farm,Bae - Waarp Tank Farm,2021-09-01,2024-06-30,Open,-0.1747,0.862,5.0216736E7,4.2748527E7,28.0,2023-12-31,1,8037118.0,8519964.241230553
TEC,21-A1-0150,Bae - Waarp Tank Farm,Bae - Waarp Tank Farm,2021-09-01,2024-06-30,Open,-0.1868,0.8853,5.2165552E7,4.3955712E7,29.0,2024-01-31,1,6758921.0,8723731.65623422
TEC,21-A1-0150,Bae - Waarp Tank Farm,Bae - Waarp Tank Farm,2021-09-01,2024-06-30,Open,-0.2126,0.8971,5.4013822E7,4.454251E7,30.0,2024-02-29,1,6194628.0,8329793.449352054
TEC,21-A1-0150,Bae - Waarp Tank Farm,Bae - Waarp Tank Farm,2021-09-01,2024-06-30,Open,-0.222,0.9156,5.5678193E7,4.5564337E7,31.0,2024-03-31,1,5135258.0,8288831.102016969
TEC,21-A1-0150,Bae - Waarp Tank Farm,Bae - Waarp Tank Farm,2021-09-01,2024-06-30,Open,-0.232,0.9353,5.7341887E7,4.6544615E7,32.0,2024-04-30,1,3969637.0,1.0207730213128079E7
TEC,21-A1-0150,Bae - Waarp Tank Farm,Bae - Waarp Tank Farm,2021-09-01,2024-09-30,Open,-0.2377,0.9543,5.8783419E7,4.7492221E7,33.0,2024-05-31,1,2815337.0,6473436.879794746
TEC,21-A1-0150,Bae - Waarp Tank Farm,Bae - Waarp Tank Farm,2021-09-01,2024-09-30,Open,-0.2669,0.9494,5.9855943E7,4.7247552E7,34.0,2024-06-30,1,3191509.0,1.0335406446617631E7
TEC,21-A1-0150,Bae - Waarp Tank Farm,Bae - Waarp Tank Farm,2021-09-01,2024-11-30,Open,-0.2994,0.9451,6.1117141E7,4.7035895E7,35.0,2024-07-31,1,3548442.0,1.0003962798124412E7
TEC,21-A1-0150,Bae - Waarp Tank Farm,Bae - Waarp Tank Farm,2021-09-01,2025-03-25,Open,-0.3047,0.9573,6.2461807E7,4.7874661E7,36.0,2024-08-31,1,2787644.0,6473436.879794746
EASLLC,22-230,Ips-amgen A/g  (master Job 22-,Ips-integrated Project Services,2022-09-26,2023-12-31,Open,0.1125,0.5442,1.3244023E7,1.4922394E7,6.0,2023-03-31,0,1.1093172E7,6368704.464599606
EASLLC,22-230,Ips-amgen A/g  (master Job 22-,Ips-integrated Project Services,2022-09-26,2023-12-31,Open,0.1089,0.6563,1.60838E7,1.8049054E7,7.0,2023-04-30,0,8424371.0,6368704.464599606
EASLLC,22-230,Ips-amgen A/g  (master Job 22-,Ips-integrated Project Services,2022-09-26,2023-12-31,Open,0.1054,0.724,1.7932322E7,2.0045506E7,8.0,2023-05-31,0,6836413.0,5777510.137251526
EASLLC,22-230,Ips-amgen A/g  (master Job 22-,Ips-integrated Project Services,2022-09-26,2023-12-31,Open,0.1055,0.791,1.9638524E7,2.1954013E7,9.0,2023-06-30,0,5188933.0,5076072.935615355
EASLLC,22-230,Ips-amgen A/g  (master Job 22-,Ips-integrated Project Services,2022-09-26,2023-12-31,Open,0.1055,0.84,2.0885858E7,2.3349631E7,10.0,2023-07-31,0,3978763.0,3159078.952449684
EASLLC,22-230,Ips-amgen A/g  (master Job 22-,Ips-integrated Project Services,2022-09-26,2023-12-31,Open,0.1058,0.8835,2.2150822E7,2.4770952E7,11.0,2023-08-31,0,2921851.0,4123272.2278120033
EASLLC,22-230,Ips-amgen A/g  (master Job 22-,Ips-integrated Project Services,2022-09-26,2023-12-31,Open,0.1059,0.9217,2.3238308E7,2.5990672E7,12.0,2023-09-30,0,1975339.0,4250948.461301556
EASLLC,22-230,Ips-amgen A/g  (master Job 22-,Ips-integrated Project Services,2022-09-26,2023-12-31,Open,0.0888,0.8963,2.4237535E7,2.660035E7,13.0,2023-10-31,0,2805637.0,4049557.2436199733
EASLLC,22-230,Ips-amgen A/g  (master Job 22-,Ips-integrated Project Services,2022-09-26,2024-02-29,Open,0.0639,0.9084,2.5435144E7,2.7171435E7,14.0,2023-11-30,0,2564096.0,4447009.61526358
EASLLC,22-230,Ips-amgen A/g  (master Job 22-,Ips-integrated Project Services,2022-09-26,2024-06-30,Open,0.02,0.8956,2.6420163E7,2.6959916E7,15.0,2023-12-31,0,3078683.0,8775660.040079394
EASLLC,22-230,Ips-amgen A/g  (master Job 22-,Ips-integrated Project Services,2022-09-26,2024-06-30,Open,0.0211,0.9159,2.7148488E7,2.7732295E7,16.0,2024-01-31,0,2494164.0,5268477.494193179
EASLLC,22-230,Ips-amgen A/g  (master Job 22-,Ips-integrated Project Services,2022-09-26,2024-06-30,Open,0.015,0.9401,2.803886E7,2.8465884E7,17.0,2024-02-29,0,1786994.0,2433544.390833366
EASLLC,22-230,Ips-amgen A/g  (master Job 22-,Ips-integrated Project Services,2022-09-26,2024-06-30,Open,0.0101,0.9553,2.8922653E7,2.9217866E7,18.0,2024-03-31,0,1352022.0,2595120.6874076216
EASLLC,22-230,Ips-amgen A/g  (master Job 22-,Ips-integrated Project Services,2022-09-26,2024-06-30,Open,0.0131,0.973,2.9382591E7,2.977305E7,19.0,2024-04-30,0,815578.0,983695.2848525811
EASLLC,22-230,Ips-amgen A/g  (master Job 22-,Ips-integrated Project Services,2022-09-26,2024-10-31,Open,-0.0028,0.9714,2.9855082E7,2.977247E7,20.0,2024-05-31,0,879903.0,1733492.673739617
EASLLC,22-230,Ips-amgen A/g  (master Job 22-,Ips-integrated Project Services,2022-09-26,2024-10-31,Open,-0.0026,0.983,3.0213986E7,3.0136026E7,21.0,2024-06-30,0,521729.0,1100613.9684312828
EASLLC,22-230,Ips-amgen A/g  (master Job 22-,Ips-integrated Project Services,2022-09-26,2024-10-31,Open,-0.0191,0.9769,3.0520268E7,2.9948985E7,22.0,2024-07-31,0,720918.0,1593837.1500411616
EASLLC,22-230,Ips-amgen A/g  (master Job 22-,Ips-integrated Project Services,2022-09-26,2024-10-31,Open,-0.0262,0.9804,3.0844406E7,3.0056997E7,23.0,2024-08-31,0,615114.0,1863219.417762476
Walker,041.100085,Sprindale Green Bldg A,"Level 10 Construction, Lp",2021-10-01,2023-11-15,Open,0.06,0.5124,3072055.0,3268143.0,16.0,2023-01-31,0,2923923.0,3153791.7142901365
Walker,041.100085,Sprindale Green Bldg A,"Level 10 Construction, Lp",2021-10-01,2023-11-15,Open,0.06,0.5328,3215555.0,3420696.0,17.0,2023-02-28,0,2819671.0,3025265.3332574423
Walker,041.100085,Sprindale Green Bldg A,"Level 10 Construction, Lp",2021-10-01,2023-11-15,Open,0.06,0.5901,3565619.0,3793213.0,18.0,2023-03-31,0,2476725.0,2123507.3521981593
Walker,041.100085,Sprindale Green Bldg A,"Level 10 Construction, Lp",2021-10-01,2023-11-15,Open,0.06,0.6296,3883087.0,4130944.0,19.0,2023-04-30,0,2284747.0,2083118.733693984
Walker,041.100085,Sprindale Green Bldg A,"Level 10 Construction, Lp",2021-10-01,2023-11-15,Open,0.06,0.6597,4068798.0,4328331.0,20.0,2023-05-31,0,2099290.0,2022175.661177385
Walker,041.100085,Sprindale Green Bldg A,"Level 10 Construction, Lp",2021-10-01,2023-11-15,Open,0.06,0.6841,4256838.0,4528550.0,21.0,2023-06-30,0,1965596.0,2067548.6852387944
Walker,041.100085,Sprindale Green Bldg A,"Level 10 Construction, Lp",2021-10-01,2023-11-15,Open,0.06,0.7457,4668603.0,4966600.0,22.0,2023-07-31,0,1592065.0,2165947.8880955954
Walker,041.100085,Sprindale Green Bldg A,"Level 10 Construction, Lp",2021-10-01,2023-11-15,Open,0.06,0.8325,5297546.0,5635688.0,23.0,2023-08-31,0,1065578.0,2169274.3714882913
Walker,041.100085,Sprindale Green Bldg A,"Level 10 Construction, Lp",2021-10-01,2023-11-15,Open,0.06,0.8625,5503348.0,5854341.0,24.0,2023-09-30,0,876998.0,2085386.1129521339
Walker,041.100085,Sprindale Green Bldg A,"Level 10 Construction, Lp",2021-10-01,2023-11-15,Open,0.0512,0.8997,5700078.0,6007469.0,25.0,2023-10-31,0,635215.0,1928651.5474162477
Walker,041.100085,Sprindale Green Bldg A,"Level 10 Construction, Lp",2021-10-01,2024-03-31,Open,0.0328,0.9166,5919582.0,6120322.0,26.0,2023-11-30,0,538361.0,1345344.701078327
Walker,041.100085,Sprindale Green Bldg A,"Level 10 Construction, Lp",2021-10-01,2024-03-31,Open,0.0175,0.947,6253638.0,6364926.0,27.0,2023-12-31,0,350077.0,1093041.4751944426
Walker,041.100085,Sprindale Green Bldg A,"Level 10 Construction, Lp",2021-10-01,2024-03-31,Open,0.0,0.9572,6470792.0,6470792.0,28.0,2024-01-31,0,289609.0,873883.5092830424
Walker,041.100085,Sprindale Green Bldg A,"Level 10 Construction, Lp",2021-10-01,2024-03-31,Open,-0.0382,0.9408,6692293.0,6446046.0,29.0,2024-02-29,0,420904.0,1063429.639865463
Walker,041.100085,Sprindale Green Bldg A,"Level 10 Construction, Lp",2021-10-01,2024-03-31,Open,-0.0585,0.9692,7031717.0,6643353.0,30.0,2024-03-31,0,223597.0,1175708.9468894782
Walker,041.100085,Sprindale Green Bldg A,"Level 10 Construction, Lp",2021-10-01,2024-07-31,Open,-0.1168,0.9513,7420605.0,6644606.0,31.0,2024-04-30,1,379616.0,1415181.35729051
Walker,041.100085,Sprindale Green Bldg A,"Level 10 Construction, Lp",2021-10-01,2024-03-31,Open,-0.1313,0.9687,7663853.0,6774321.0,32.0,2024-05-31,1,247475.0,962618.5309500563
Walker,041.100085,Sprindale Green Bldg A,"Level 10 Construction, Lp",2021-10-01,2024-03-31,Open,-0.1429,0.9662,7719042.0,6753856.0,33.0,2024-06-30,1,269940.0,887588.1875390128
Walker,041.100085,Sprindale Green Bldg A,"Level 10 Construction, Lp",2021-10-01,2024-03-31,Open,-0.1234,0.9835,7744384.0,6893559.0,34.0,2024-07-31,1,130237.0,796221.2364694003
Walker,041.100085,Sprindale Green Bldg A,"Level 10 Construction, Lp",2021-10-01,2024-03-31,Open,-0.1187,0.9873,7754817.0,6932204.0,35.0,2024-08-31,1,99838.0,800869.9569321244
Walker,041.100086,Springdale Green Bldg B,"Level 10 Construction, Lp",2021-10-01,2023-11-15,Open,0.06,0.525,4613720.0,4908212.0,19.0,2023-04-30,0,4174606.0,4403491.512733277
Walker,041.100086,Springdale Green Bldg B,"Level 10 Construction, Lp",2021-10-01,2023-11-15,Open,0.06,0.6065,5330069.0,5670286.0,20.0,2023-05-31,0,3458257.0,4431421.10431007
Walker,041.100086,Springdale Green Bldg B,"Level 10 Construction, Lp",2021-10-01,2023-11-15,Open,0.06,0.6969,6250699.0,6649679.0,21.0,2023-06-30,0,2718201.0,3582132.2130057216
Walker,041.100086,Springdale Green Bldg B,"Level 10 Construction, Lp",2021-10-01,2023-11-15,Open,0.06,0.707,6624985.0,7047856.0,22.0,2023-07-31,0,2746154.0,2083118.733693984
Walker,041.100086,Springdale Green Bldg B,"Level 10 Construction, Lp",2021-10-01,2023-11-15,Open,0.06,0.7458,7259319.0,7722680.0,23.0,2023-08-31,0,2474613.0,5344975.047266538
Walker,041.100086,Springdale Green Bldg B,"Level 10 Construction, Lp",2021-10-01,2023-11-15,Open,0.06,0.786,7684883.0,8175722.0,24.0,2023-09-30,0,2092440.0,2100797.6113691023
Walker,041.100086,Springdale Green Bldg B,"Level 10 Construction, Lp",2021-10-01,2023-11-15,Open,0.0629,0.8293,8070882.0,8612512.0,25.0,2023-10-31,0,1661393.0,1951408.7071515324
Walker,041.100086,Springdale Green Bldg B,"Level 10 Construction, Lp",2021-10-01,2024-03-31,Open,0.0669,0.8719,8459166.0,9065906.0,26.0,2023-11-30,0,1243332.0,1825923.858329355
Walker,041.100086,Springdale Green Bldg B,"Level 10 Construction, Lp",2021-10-01,2024-03-31,Open,0.0599,0.9025,8855797.0,9419977.0,27.0,2023-12-31,0,957181.0,2100956.1614073236
Walker,041.100086,Springdale Green Bldg B,"Level 10 Construction, Lp",2021-10-01,2024-03-31,Open,0.0709,0.9367,9097697.0,9792233.0,28.0,2024-01-31,0,614498.0,1853242.636705639
Walker,041.100086,Springdale Green Bldg B,"Level 10 Construction, Lp",2021-10-01,2024-03-31,Open,0.0439,0.94,9488197.0,9924276.0,29.0,2024-02-29,0,605600.0,1174575.5000167913
Walker,041.100086,Springdale Green Bldg B,"Level 10 Construction, Lp",2021-10-01,2024-03-31,Open,0.0195,0.9741,1.01311E7,1.033266E7,30.0,2024-03-31,0,269700.0,611996.2493480822
Walker,041.100086,Springdale Green Bldg B,"Level 10 Construction, Lp",2021-10-01,2024-07-31,Open,-0.0365,0.9501,1.0610115E7,1.0236172E7,31.0,2024-04-30,0,556819.0,795390.8216077978
Walker,041.100086,Springdale Green Bldg B,"Level 10 Construction, Lp",2021-10-01,2024-03-31,Open,-0.0375,0.9758,1.0912667E7,1.0518361E7,32.0,2024-05-31,0,270294.0,512957.2345938283
Walker,041.100086,Springdale Green Bldg B,"Level 10 Construction, Lp",2021-10-01,2024-03-31,Open,-0.049,0.9749,1.101667E7,1.0502244E7,33.0,2024-06-30,0,284091.0,501202.51228535426
Walker,041.100086,Springdale Green Bldg B,"Level 10 Construction, Lp",2021-10-01,2024-03-31,Open,-0.0297,0.997,1.108125E7,1.0761201E7,34.0,2024-07-31,0,33151.0,572437.1849894093
Walker,041.100086,Springdale Green Bldg B,"Level 10 Construction, Lp",2021-10-01,2024-03-31,Open,-0.038,0.9927,1.1138666E7,1.0730712E7,35.0,2024-08-31,0,82239.0,393597.8703934623
Dilling,D227864,"Tsmc Gas Plant-phoenix,az","Linde Engineering Na, Llc",2022-07-08,2023-06-15,Open,0.159,0.5351,2.163708E7,2.5726834E7,5.0,2022-12-31,0,1.8797504E7,8810560.371767877
Dilling,D227864,"Tsmc Gas Plant-phoenix,az","Linde Engineering Na, Llc",2022-07-08,2023-04-19,Open,0.1591,0.633,2.6068866E7,3.1000652E7,6.0,2023-01-31,0,1.5116155E7,8534380.746623538
Dilling,D227864,"Tsmc Gas Plant-phoenix,az","Linde Engineering Na, Llc",2022-07-08,2023-06-02,Open,0.159,0.7843,3.4149951E7,4.0608491E7,8.0,2023-03-31,0,9393787.0,8329882.161134006
Dilling,D227864,"Tsmc Gas Plant-phoenix,az","Linde Engineering Na, Llc",2022-07-08,2023-06-09,Open,0.1609,0.8999,3.9049199E7,4.6539153E7,9.0,2023-04-30,0,4343850.0,6179859.315993561
Dilling,D227864,"Tsmc Gas Plant-phoenix,az","Linde Engineering Na, Llc",2022-07-08,2023-07-01,Open,0.1501,0.9705,4.3691673E7,5.1405252E7,10.0,2023-05-31,0,1329952.0,4055772.912255577
Dilling,D227864,"Tsmc Gas Plant-phoenix,az","Linde Engineering Na, Llc",2022-07-08,2023-08-11,Open,0.036,0.9291,4.782225E7,4.9607717E7,11.0,2023-06-30,0,3651011.0,1.0625551725507898E7
Dilling,D227864,"Tsmc Gas Plant-phoenix,az","Linde Engineering Na, Llc",2022-07-08,2023-09-15,Open,0.0205,0.9508,4.9832002E7,5.0873399E7,12.0,2023-07-31,0,2579051.0,6908337.434011997
Dilling,D227864,"Tsmc Gas Plant-phoenix,az","Linde Engineering Na, Llc",2022-07-08,2024-11-29,Open,0.0205,0.9795,5.2873789E7,5.3980387E7,13.0,2023-08-31,0,1104828.0,3869084.5390893407
Dilling,D227864,"Tsmc Gas Plant-phoenix,az","Linde Engineering Na, Llc",2022-07-08,2024-01-01,Open,-7.0E-4,0.9829,5.1520428E7,5.1484244E7,14.0,2023-09-30,0,895065.0,3118056.0537842084
Dilling,D227864,"Tsmc Gas Plant-phoenix,az","Linde Engineering Na, Llc",2022-07-08,2023-11-17,Open,3.0E-4,0.9928,5.202868E7,5.204593E7,16.0,2023-10-31,0,376543.0,2651529.6697523817
Dilling,D227864,"Tsmc Gas Plant-phoenix,az","Linde Engineering Na, Llc",2022-07-08,2023-12-15,Open,3.0E-4,0.9966,5.2234798E7,5.2250473E7,17.0,2023-11-30,0,177472.0,2554612.7011809405
Dilling,D227864,"Tsmc Gas Plant-phoenix,az","Linde Engineering Na, Llc",2022-07-08,2024-01-31,Open,3.0E-4,0.9978,5.2295035E7,5.2310728E7,18.0,2023-12-31,0,117235.0,2542857.978872467
Dilling,D227864,"Tsmc Gas Plant-phoenix,az","Linde Engineering Na, Llc",2022-07-08,2024-02-28,Open,3.0E-4,0.9979,5.2301212E7,5.2316965E7,19.0,2024-01-31,0,111000.0,2542857.978872467
Dilling,D227864,"Tsmc Gas Plant-phoenix,az","Linde Engineering Na, Llc",2022-07-08,2024-03-31,Open,3.0E-4,0.9979,5.2301962E7,5.2317657E7,20.0,2024-02-29,0,110308.0,2542857.978872467
Dilling,D227864,"Tsmc Gas Plant-phoenix,az","Linde Engineering Na, Llc",2022-07-08,2024-04-30,Open,3.0E-4,0.9979,5.2301545E7,5.2317656E7,21.0,2024-03-31,0,110308.0,2542857.978872467
Dilling,D227864,"Tsmc Gas Plant-phoenix,az","Linde Engineering Na, Llc",2022-07-08,2024-06-28,Open,3.0E-4,0.998,5.2307872E7,5.232357E7,22.0,2024-04-30,0,104397.0,2542857.978872467
Dilling,D227864,"Tsmc Gas Plant-phoenix,az","Linde Engineering Na, Llc",2022-07-08,2024-06-30,Open,3.0E-4,0.9992,5.2345802E7,5.2361514E7,23.0,2024-05-31,0,41975.0,2542857.978872467
Dilling,D227864,"Tsmc Gas Plant-phoenix,az","Linde Engineering Na, Llc",2022-07-08,2024-07-31,Open,3.0E-4,0.9992,5.2345802E7,5.2361514E7,24.0,2024-06-30,0,41975.0,2542857.978872467
Dilling,D227864,"Tsmc Gas Plant-phoenix,az","Linde Engineering Na, Llc",2022-07-08,2024-09-30,Open,3.0E-4,0.9992,5.2345802E7,5.2361514E7,25.0,2024-07-31,0,41975.0,2542857.978872467
Dilling,D227864,"Tsmc Gas Plant-phoenix,az","Linde Engineering Na, Llc",2022-07-08,2024-09-30,Open,3.0E-4,0.9992,5.2345802E7,5.2361514E7,26.0,2024-08-31,0,41975.0,2542857.978872467
Southwest,180005,Mgmc Womens & Childrens Tower,Je Dunn Construction,2019-03-15,2020-12-31,Open,-0.2934,0.8601,4.1514436E7,3.2097354E7,35.0,2022-01-31,1,6751913.0,5449846.832032385
Southwest,180005,Mgmc Womens & Childrens Tower,Je Dunn Construction,2019-03-15,2020-12-31,Open,-0.2931,0.8808,4.2545E7,3.2901017E7,36.0,2022-02-28,1,5755737.0,6235650.760675171
Southwest,180005,Mgmc Womens & Childrens Tower,Je Dunn Construction,2019-03-15,2020-12-31,Open,-0.2883,0.8964,4.3853431E7,3.4038901E7,37.0,2022-03-31,1,5067670.0,5675227.26241207
Southwest,180005,Mgmc Womens & Childrens Tower,Je Dunn Construction,2019-03-15,2020-12-31,Open,-0.2931,0.9184,4.4996691E7,3.4796537E7,38.0,2022-04-30,1,3996863.0,7381719.596858766
Southwest,180005,Mgmc Womens & Childrens Tower,Je Dunn Construction,2019-03-15,2022-11-30,Open,-0.2989,0.934,4.5950584E7,3.537585E7,39.0,2022-05-31,1,3246349.0,7713163.245351986
Southwest,180005,Mgmc Womens & Childrens Tower,Je Dunn Construction,2019-03-15,2022-11-30,Open,-0.3165,0.9408,4.6597296E7,3.5395539E7,40.0,2022-06-30,1,2933772.0,3978869.912018653
Southwest,180005,Mgmc Womens & Childrens Tower,Je Dunn Construction,2019-03-15,2022-11-30,Open,-0.3313,0.9407,4.713158E7,3.5401807E7,41.0,2022-07-31,1,2970917.0,734692.4761212171
Southwest,180005,Mgmc Womens & Childrens Tower,Je Dunn Construction,2019-03-15,2022-11-30,Open,-0.3533,0.9452,4.8139223E7,3.557276E7,42.0,2022-08-31,1,2788506.0,4213127.156134171
Southwest,180005,Mgmc Womens & Childrens Tower,Je Dunn Construction,2019-03-15,2022-11-30,Open,-0.3604,0.9482,4.8546527E7,3.5684474E7,43.0,2022-09-30,1,2651317.0,734692.4761212171
Southwest,180005,Mgmc Womens & Childrens Tower,Je Dunn Construction,2019-03-15,2022-11-30,Open,-0.3664,0.9543,4.9043473E7,3.589359E7,44.0,2022-10-31,1,2350026.0,734692.4761212171
Southwest,180005,Mgmc Womens & Childrens Tower,Je Dunn Construction,2019-03-15,2022-11-30,Open,-0.3673,0.9628,4.9514275E7,3.6213495E7,45.0,2022-11-30,1,1914224.0,471779.03313195513
Southwest,180005,Mgmc Womens & Childrens Tower,Je Dunn Construction,2019-03-15,2022-11-30,Open,-0.389,0.9556,4.992304E7,3.5942598E7,46.0,2022-12-31,1,2320839.0,471779.03313195513
Southwest,180005,Mgmc Womens & Childrens Tower,Je Dunn Construction,2019-03-15,2022-11-30,Open,-0.3986,0.9533,5.0127136E7,3.5841102E7,47.0,2023-01-31,1,2457712.0,720599.2383185374
Southwest,180005,Mgmc Womens & Childrens Tower,Je Dunn Construction,2019-03-15,2022-11-30,Open,-0.4018,0.9538,5.0268213E7,3.5859858E7,48.0,2023-02-28,1,2437048.0,720599.2383185374
Southwest,180005,Mgmc Womens & Childrens Tower,Je Dunn Construction,2019-03-15,2022-11-30,Open,-0.4082,0.9536,5.0489953E7,3.585517E7,49.0,2023-03-31,1,2454720.0,706036.2772474727
Southwest,180005,Mgmc Womens & Childrens Tower,Je Dunn Construction,2019-03-15,2022-11-30,Open,-0.4098,0.9557,5.0655747E7,3.5931016E7,50.0,2023-04-30,1,2350654.0,720599.2383185374
Southwest,180005,Mgmc Womens & Childrens Tower,Je Dunn Construction,2019-03-15,2022-11-30,Open,-0.4125,0.9601,5.0985261E7,3.6096647E7,51.0,2023-05-31,1,2121140.0,720599.2383185374
Southwest,180005,Mgmc Womens & Childrens Tower,Je Dunn Construction,2019-03-15,2022-11-30,Open,-0.4196,0.9588,5.1174163E7,3.6049339E7,52.0,2023-06-30,1,2198949.0,471779.03313195513
Southwest,180005,Mgmc Womens & Childrens Tower,Je Dunn Construction,2019-03-15,2022-11-30,Open,-0.421,0.9625,5.1420743E7,3.6186792E7,53.0,2023-07-31,1,2005832.0,720599.2383185374
Southwest,180005,Mgmc Womens & Childrens Tower,Je Dunn Construction,2019-03-15,2022-11-30,Open,-0.4216,0.9703,5.17839E7,3.6425844E7,54.0,2023-08-31,1,1585217.0,514219.569029391
Southwest,180005,Mgmc Womens & Childrens Tower,Je Dunn Construction,2019-03-15,2022-11-30,Open,-0.4396,0.9627,5.2026732E7,3.6140255E7,55.0,2023-09-30,1,2016365.0,471779.03313195513
Southwest,180005,Mgmc Womens & Childrens Tower,Je Dunn Construction,2019-03-15,2022-11-30,Open,-0.44,0.9686,5.2359535E7,3.6361086E7,56.0,2023-10-31,1,1698944.0,514219.569029391
Southwest,180005,Mgmc Womens & Childrens Tower,Je Dunn Construction,2019-03-15,2022-11-30,Open,-0.4397,0.9697,5.2442273E7,3.6424646E7,57.0,2023-11-30,1,1636801.0,959333.4226426533
Southwest,180005,Mgmc Womens & Childrens Tower,Je Dunn Construction,2019-03-15,2022-11-30,Open,-0.4449,0.9742,5.2871755E7,3.6592725E7,58.0,2023-12-31,1,1399774.0,777133.012018653
Southwest,180005,Mgmc Womens & Childrens Tower,Je Dunn Construction,2019-03-15,2022-11-30,Open,-0.4503,0.972,5.2949003E7,3.6508892E7,59.0,2024-01-31,1,1526620.0,584509.4853519864
Southwest,180005,Mgmc Womens & Childrens Tower,Je Dunn Construction,2019-03-15,2022-11-30,Open,-0.4509,0.9749,5.3132252E7,3.6619002E7,60.0,2024-02-29,1,1369797.0,514219.569029391
Southwest,180005,Mgmc Womens & Childrens Tower,Je Dunn Construction,2019-03-15,2022-11-30,Open,-0.4583,0.9734,5.3323859E7,3.6564926E7,61.0,2024-03-31,1,1455632.0,514219.569029391
Southwest,180005,Mgmc Womens & Childrens Tower,Je Dunn Construction,2019-03-15,2020-12-31,Open,-0.4583,0.9753,5.3428585E7,3.6636738E7,62.0,2024-04-30,1,1350906.0,1081268.6810464258
Southwest,180005,Mgmc Womens & Childrens Tower,Je Dunn Construction,2019-03-15,2020-12-31,Open,-0.4607,0.9752,5.3503842E7,3.6629673E7,63.0,2024-05-31,1,1363389.0,833329.6905385687
Southwest,180005,Mgmc Womens & Childrens Tower,Je Dunn Construction,2019-03-15,2020-12-31,Open,-0.4633,0.9761,5.365221E7,3.6664173E7,64.0,2024-06-30,1,1315398.0,514219.569029391
Southwest,180005,Mgmc Womens & Childrens Tower,Je Dunn Construction,2019-03-15,2020-12-31,Open,-0.4804,0.9702,5.3950969E7,3.6443E7,65.0,2024-07-31,1,1658179.0,514219.569029391
Southwest,180005,Mgmc Womens & Childrens Tower,Je Dunn Construction,2019-03-15,2020-12-31,Open,-0.4804,0.9747,5.4203377E7,3.6613476E7,66.0,2024-08-31,1,1405804.0,619661.2385987432
